user_id,gender
0,1
1,0
2,0
3,0
4,0
5,1
6,0
7,0
8,0
9,1
10,1
11,0
12,2
13,0
14,0
15,1
16,0
17,1
18,0
19,0
20,0
21,0
22,0
23,1
24,2
25,0
26,0
27,1
28,0
29,1
30,0
31,1
32,0
33,1
34,2
35,0
36,1
37,1
38,0
39,0
40,1
41,0
42,0
43,0
44,1
45,0
46,0
47,0
48,2
49,1
50,1
51,0
52,0
53,0
54,1
55,0
56,0
57,0
58,1
59,0
60,0
61,1
62,0
63,0
64,0
65,0
66,1
67,0
68,1
69,0
70,0
71,1
72,0
73,0
74,2
75,2
76,0
77,1
78,1
79,0
80,1
81,0
82,1
83,0
84,0
85,1
86,0
87,2
88,2
89,0
90,0
91,1
92,0
93,0
94,0
95,2
96,1
97,1
98,1
99,0
100,1
101,0
102,0
103,0
104,0
105,1
106,0
107,0
108,2
109,0
110,0
111,0
112,0
113,1
114,0
115,0
116,0
117,0
118,1
119,0
120,2
121,1
122,0
123,0
124,0
125,2
126,1
127,0
128,0
129,0
130,0
131,0
132,1
133,0
134,0
135,0
136,1
137,2
138,2
139,1
140,0
141,0
142,2
143,0
144,0
145,1
146,0
147,0
148,0
149,0
150,1
151,0
152,0
153,0
154,0
155,1
156,0
157,0
158,2
159,2
160,0
161,1
162,0
163,1
164,0
165,0
166,1
167,1
168,0
169,0
170,1
171,0
172,0
173,0
174,1
175,1
176,0
177,2
178,0
179,0
180,0
181,0
182,1
183,1
184,0
185,0
186,2
187,0
188,0
189,0
190,0
191,0
192,1
193,1
194,2
195,1
196,0
197,2
198,0
199,1
200,1
201,0
202,2
203,0
204,0
205,0
206,0
207,0
208,0
209,1
210,0
211,2
212,1
213,0
214,0
215,0
216,0
217,2
218,1
219,2
220,2
221,2
222,2
223,2
224,0
225,0
226,0
227,0
228,2
229,0
230,0
231,0
232,1
233,0
234,0
235,0
236,0
237,1
238,0
239,2
240,0
241,1
242,0
243,0
244,0
245,1
246,0
247,0
248,1
249,0
250,0
251,2
252,1
253,0
254,0
255,0
256,2
257,0
258,0
259,0
260,0
261,1
262,2
263,2
264,1
265,0
266,0
267,1
268,0
269,2
270,0
271,0
272,0
273,2
274,0
275,0
276,1
277,0
278,2
279,0
280,1
281,0
282,0
283,0
284,1
285,0
286,0
287,1
288,1
289,1
290,0
291,0
292,2
293,1
294,0
295,0
296,0
297,1
298,0
299,0
300,2
301,0
302,0
303,0
304,1
305,0
306,0
307,0
308,0
309,1
310,0
311,1
312,1
313,1
314,1
315,2
316,0
317,1
318,1
319,0
320,0
321,0
322,0
323,0
324,1
325,0
326,0
327,0
328,0
329,0
330,0
331,0
332,0
333,1
334,0
335,0
336,0
337,2
338,0
339,2
340,1
341,0
342,1
343,0
344,0
345,1
346,1
347,0
348,0
349,0
350,0
351,0
352,1
353,0
354,0
355,0
356,0
357,1
358,0
359,0
360,1
361,2
362,0
363,1
364,1
365,0
366,0
367,0
368,0
369,0
370,0
371,1
372,1
373,1
374,0
375,0
376,0
377,1
378,1
379,0
380,0
381,1
382,2
383,0
384,0
385,0
386,1
387,1
388,2
389,0
390,0
391,0
392,2
393,0
394,0
395,0
396,0
397,0
398,1
399,1
400,0
401,0
402,0
403,0
404,0
405,0
406,0
407,2
408,0
409,1
410,1
411,0
412,2
413,0
414,1
415,0
416,1
417,2
418,0
419,0
420,1
421,0
422,2
423,2
424,2
425,0
426,0
427,1
428,0
429,1
430,0
431,0
432,0
433,1
434,2
435,0
436,0
437,2
438,2
439,0
440,0
441,0
442,0
443,2
444,2
445,1
446,1
447,0
448,0
449,2
450,0
451,0
452,0
453,0
454,1
455,0
456,0
457,0
458,1
459,0
460,0
461,0
462,0
463,1
464,0
465,0
466,1
467,2
468,0
469,1
470,0
471,0
472,1
473,0
474,1
475,0
476,0
477,0
478,0
479,1
480,0
481,0
482,0
483,1
484,0
485,0
486,1
487,0
488,0
489,0
490,0
491,0
492,0
493,1
494,2
495,0
496,1
497,0
498,1
499,1
500,0
501,0
502,0
503,0
504,0
505,0
506,1
507,0
508,0
509,0
510,1
511,0
512,0
513,0
514,2
515,1
516,1
517,1
518,1
519,1
520,0
521,0
522,0
523,0
524,2
525,0
526,1
527,1
528,0
529,0
530,1
531,0
532,2
533,0
534,0
535,0
536,0
537,0
538,0
539,0
540,1
541,0
542,0
543,0
544,0
545,1
546,0
547,1
548,0
549,0
550,0
551,0
552,0
553,0
554,0
555,1
556,0
557,0
558,1
559,0
560,1
561,0
562,0
563,0
564,0
565,0
566,0
567,1
568,1
569,0
570,0
571,0
572,1
573,0
574,0
575,1
576,0
577,0
578,0
579,0
580,2
581,0
582,1
583,1
584,0
585,0
586,0
587,1
588,0
589,1
590,0
591,0
592,1
593,1
594,0
595,1
596,0
597,0
598,0
599,2
600,2
601,1
602,1
603,0
604,1
605,1
606,0
607,0
608,0
609,0
610,2
611,0
612,0
613,0
614,0
615,0
616,1
617,2
618,1
619,0
620,0
621,0
622,0
623,2
624,1
625,0
626,0
627,1
628,1
629,1
630,0
631,0
632,0
633,1
634,0
635,0
636,0
637,0
638,0
639,0
640,2
641,1
642,0
643,0
644,2
645,0
646,0
647,1
648,0
649,2
650,0
651,2
652,0
653,0
654,2
655,1
656,1
657,1
658,1
659,0
660,0
661,2
662,1
663,0
664,0
665,1
666,2
667,1
668,0
669,0
670,0
671,0
672,0
673,0
674,2
675,0
676,0
677,0
678,0
679,0
680,0
681,0
682,0
683,0
684,0
685,0
686,1
687,0
688,1
689,0
690,0
691,1
692,0
693,2
694,1
695,0
696,1
697,0
698,2
699,0
700,1
701,0
702,1
703,2
704,0
705,0
706,0
707,0
708,0
709,2
710,0
711,0
712,0
713,0
714,0
715,2
716,0
717,0
718,0
719,0
720,1
721,0
722,0
723,0
724,0
725,1
726,0
727,0
728,0
729,0
730,0
731,0
732,0
733,0
734,0
735,0
736,2
737,0
738,0
739,0
740,0
741,0
742,1
743,0
744,0
745,1
746,2
747,0
748,0
749,1
750,1
751,2
752,0
753,0
754,1
755,0
756,2
757,0
758,1
759,0
760,0
761,0
762,0
763,0
764,2
765,1
766,0
767,0
768,0
769,2
770,1
771,0
772,0
773,0
774,0
775,1
776,0
777,2
778,0
779,0
780,0
781,0
782,0
783,0
784,2
785,0
786,0
787,0
788,0
789,0
790,0
791,0
792,1
793,0
794,1
795,0
796,1
797,1
798,2
799,1
800,1
801,0
802,0
803,0
804,0
805,0
806,0
807,2
808,0
809,0
810,0
811,0
812,2
813,1
814,0
815,0
816,0
817,0
818,2
819,0
820,2
821,1
822,0
823,2
824,0
825,1
826,0
827,0
828,0
829,0
830,1
831,0
832,0
833,1
834,0
835,0
836,0
837,0
838,0
839,1
840,1
841,1
842,0
843,0
844,1
845,0
846,1
847,0
848,0
849,0
850,0
851,0
852,0
853,1
854,1
855,1
856,0
857,2
858,0
859,0
860,0
861,0
862,2
863,1
864,0
865,0
866,0
867,0
868,0
869,2
870,0
871,0
872,0
873,0
874,0
875,0
876,0
877,0
878,0
879,0
880,0
881,2
882,1
883,0
884,0
885,2
886,2
887,1
888,0
889,0
890,0
891,0
892,1
893,0
894,0
895,0
896,0
897,0
898,1
899,1
900,1
901,0
902,0
903,0
904,1
905,0
906,2
907,1
908,0
909,1
910,0
911,1
912,0
913,1
914,0
915,1
916,0
917,1
918,1
919,0
920,0
921,0
922,0
923,0
924,1
925,0
926,1
927,1
928,2
929,0
930,1
931,2
932,0
933,1
934,0
935,0
936,0
937,2
938,1
939,0
940,0
941,1
942,1
943,0
944,0
945,0
946,0
947,0
948,0
949,0
950,0
951,0
952,0
953,1
954,1
955,0
956,0
957,0
958,0
959,0
960,2
961,1
962,0
963,0
964,0
965,0
966,1
967,0
968,1
969,0
970,0
971,0
972,1
973,0
974,0
975,0
976,0
977,0
978,0
979,0
980,0
981,2
982,1
983,0
984,0
985,1
986,1
987,0
988,0
989,0
990,1
991,1
992,0
993,0
994,1
995,0
996,0
997,0
998,2
999,1
1000,0
1001,0
1002,0
1003,0
1004,0
1005,0
1006,0
1007,0
1008,0
1009,0
1010,0
1011,1
1012,0
1013,1
1014,0
1015,0
1016,0
1017,0
1018,0
1019,0
1020,0
1021,0
1022,0
1023,1
1024,0
1025,1
1026,0
1027,1
1028,0
1029,0
1030,2
1031,0
1032,0
1033,1
1034,0
1035,0
1036,0
1037,1
1038,1
1039,0
1040,0
1041,0
1042,1
1043,2
1044,1
1045,0
1046,0
1047,0
1048,0
1049,0
1050,2
1051,1
1052,0
1053,0
1054,0
1055,0
1056,0
1057,0
1058,1
1059,0
1060,0
1061,0
1062,0
1063,0
1064,1
1065,0
1066,0
1067,1
1068,0
1069,1
1070,0
1071,1
1072,1
1073,0
1074,1
1075,1
1076,0
1077,1
1078,0
1079,0
1080,0
1081,0
1082,0
1083,2
1084,0
1085,0
1086,0
1087,2
1088,0
1089,0
1090,0
1091,1
1092,2
1093,1
1094,2
1095,0
1096,0
1097,0
1098,0
1099,0
1100,0
1101,0
1102,1
1103,2
1104,0
1105,2
1106,1
1107,0
1108,2
1109,1
1110,1
1111,0
1112,0
1113,1
1114,1
1115,0
1116,0
1117,2
1118,0
1119,0
1120,0
1121,0
1122,2
1123,0
1124,1
1125,0
1126,0
1127,0
1128,0
1129,0
1130,0
1131,0
1132,0
1133,0
1134,0
1135,1
1136,0
1137,0
1138,0
1139,1
1140,1
1141,0
1142,0
1143,2
1144,0
1145,1
1146,0
1147,0
1148,0
1149,1
1150,0
1151,0
1152,0
1153,2
1154,0
1155,1
1156,0
1157,1
1158,0
1159,0
1160,0
1161,1
1162,2
1163,1
1164,0
1165,0
1166,1
1167,1
1168,0
1169,0
1170,0
1171,1
1172,2
1173,1
1174,1
1175,0
1176,1
1177,0
1178,0
1179,1
1180,0
1181,0
1182,0
1183,1
1184,1
1185,0
1186,1
1187,0
1188,2
1189,2
1190,1
1191,0
1192,0
1193,1
1194,1
1195,1
1196,0
1197,0
1198,2
1199,0
1200,0
1201,0
1202,1
1203,0
1204,1
1205,1
1206,0
1207,0
1208,2
1209,0
1210,2
1211,2
1212,0
1213,0
1214,0
1215,0
1216,0
1217,0
1218,0
1219,0
1220,0
1221,0
1222,0
1223,0
1224,0
1225,0
1226,0
1227,0
1228,1
1229,2
1230,2
1231,1
1232,2
1233,0
1234,1
1235,2
1236,0
1237,1
1238,1
1239,1
1240,0
1241,1
1242,0
1243,0
1244,0
1245,0
1246,2
1247,1
1248,0
1249,0
1250,0
1251,0
1252,1
1253,2
1254,0
1255,0
1256,1
1257,0
1258,0
1259,0
1260,2
1261,0
1262,0
1263,0
1264,1
1265,0
1266,0
1267,0
1268,1
1269,0
1270,1
1271,0
1272,0
1273,0
1274,0
1275,0
1276,1
1277,0
1278,0
1279,0
1280,0
1281,0
1282,1
1283,0
1284,0
1285,0
1286,1
1287,1
1288,0
1289,0
1290,1
1291,0
1292,0
1293,1
1294,1
1295,0
1296,0
1297,0
1298,0
1299,0
1300,1
1301,0
1302,0
1303,0
1304,0
1305,0
1306,0
1307,0
1308,0
1309,0
1310,0
1311,0
1312,0
1313,1
1314,0
1315,0
1316,0
1317,0
1318,1
1319,0
1320,2
1321,0
1322,2
1323,0
1324,0
1325,1
1326,0
1327,0
1328,0
1329,0
1330,0
1331,0
1332,0
1333,0
1334,0
1335,1
1336,0
1337,0
1338,0
1339,0
1340,0
1341,0
1342,0
1343,1
1344,1
1345,0
1346,1
1347,1
1348,0
1349,2
1350,1
1351,0
1352,0
1353,1
1354,1
1355,1
1356,0
1357,2
1358,0
1359,0
1360,1
1361,0
1362,0
1363,1
1364,2
1365,0
1366,0
1367,2
1368,0
1369,0
1370,1
1371,0
1372,1
1373,0
1374,1
1375,1
1376,0
1377,1
1378,1
1379,2
1380,0
1381,1
1382,1
1383,0
1384,1
1385,1
1386,1
1387,0
1388,0
1389,0
1390,0
1391,0
1392,0
1393,1
1394,0
1395,1
1396,0
1397,1
1398,0
1399,0
1400,1
1401,2
1402,2
1403,0
1404,0
1405,0
1406,1
1407,0
1408,0
1409,0
1410,0
1411,0
1412,0
1413,0
1414,0
1415,0
1416,0
1417,0
1418,1
1419,2
1420,1
1421,0
1422,2
1423,0
1424,2
1425,0
1426,0
1427,1
1428,1
1429,0
1430,0
1431,0
1432,1
1433,1
1434,0
1435,1
1436,0
1437,0
1438,0
1439,0
1440,0
1441,2
1442,0
1443,1
1444,0
1445,0
1446,0
1447,2
1448,0
1449,0
1450,2
1451,1
1452,0
1453,0
1454,1
1455,2
1456,0
1457,0
1458,2
1459,1
1460,2
1461,0
1462,0
1463,0
1464,0
1465,0
1466,2
1467,0
1468,0
1469,2
1470,0
1471,2
1472,0
1473,0
1474,2
1475,2
1476,1
1477,0
1478,1
1479,0
1480,0
1481,0
1482,0
1483,0
1484,1
1485,0
1486,0
1487,2
1488,1
1489,0
1490,0
1491,0
1492,1
1493,0
1494,0
1495,0
1496,0
1497,0
1498,0
1499,0
1500,0
1501,0
1502,0
1503,0
1504,0
1505,2
1506,0
1507,1
1508,0
1509,2
1510,0
1511,0
1512,1
1513,0
1514,0
1515,1
1516,0
1517,0
1518,0
1519,0
1520,1
1521,0
1522,0
1523,0
1524,2
1525,0
1526,0
1527,0
1528,0
1529,0
1530,0
1531,0
1532,0
1533,2
1534,1
1535,1
1536,0
1537,2
1538,0
1539,0
1540,0
1541,0
1542,0
1543,2
1544,0
1545,0
1546,0
1547,0
1548,0
1549,0
1550,0
1551,0
1552,2
1553,1
1554,1
1555,0
1556,1
1557,0
1558,0
1559,2
1560,1
1561,0
1562,1
1563,0
1564,2
1565,0
1566,0
1567,1
1568,1
1569,0
1570,0
1571,1
1572,0
1573,0
1574,1
1575,1
1576,0
1577,0
1578,0
1579,1
1580,1
1581,0
1582,0
1583,0
1584,0
1585,0
1586,1
1587,0
1588,0
1589,0
1590,2
1591,0
1592,0
1593,1
1594,2
1595,1
1596,0
1597,0
1598,0
1599,0
1600,0
1601,1
1602,1
1603,0
1604,1
1605,1
1606,0
1607,0
1608,2
1609,0
1610,0
1611,0
1612,2
1613,0
1614,1
1615,2
1616,2
1617,0
1618,0
1619,0
1620,0
1621,0
1622,0
1623,0
1624,0
1625,2
1626,0
1627,0
1628,2
1629,0
1630,1
1631,0
1632,2
1633,1
1634,0
1635,1
1636,2
1637,1
1638,0
1639,0
1640,0
1641,0
1642,0
1643,0
1644,1
1645,0
1646,0
1647,0
1648,0
1649,0
1650,0
1651,0
1652,0
1653,1
1654,0
1655,0
1656,1
1657,1
1658,1
1659,1
1660,0
1661,0
1662,0
1663,1
1664,2
1665,0
1666,0
1667,0
1668,1
1669,1
1670,2
1671,0
1672,0
1673,0
1674,1
1675,0
1676,0
1677,1
1678,0
1679,0
1680,0
1681,0
1682,1
1683,0
1684,0
1685,0
1686,0
1687,1
1688,0
1689,0
1690,1
1691,0
1692,0
1693,0
1694,0
1695,0
1696,2
1697,0
1698,1
1699,0
1700,1
1701,0
1702,0
1703,0
1704,1
1705,0
1706,0
1707,0
1708,0
1709,0
1710,1
1711,0
1712,0
1713,1
1714,0
1715,0
1716,1
1717,0
1718,0
1719,2
1720,0
1721,0
1722,0
1723,0
1724,0
1725,0
1726,0
1727,0
1728,0
1729,1
1730,2
1731,0
1732,0
1733,0
1734,0
1735,0
1736,0
1737,0
1738,0
1739,0
1740,0
1741,0
1742,2
1743,2
1744,0
1745,0
1746,0
1747,0
1748,0
1749,0
1750,0
1751,2
1752,0
1753,0
1754,1
1755,1
1756,0
1757,1
1758,0
1759,1
1760,0
1761,1
1762,0
1763,0
1764,0
1765,2
1766,0
1767,0
1768,0
1769,0
1770,0
1771,0
1772,2
1773,0
1774,0
1775,0
1776,0
1777,0
1778,0
1779,0
1780,1
1781,0
1782,0
1783,0
1784,0
1785,0
1786,0
1787,0
1788,0
1789,0
1790,0
1791,1
1792,0
1793,0
1794,0
1795,0
1796,0
1797,0
1798,0
1799,0
1800,1
1801,0
1802,2
1803,0
1804,0
1805,0
1806,0
1807,1
1808,1
1809,0
1810,0
1811,1
1812,1
1813,0
1814,0
1815,1
1816,0
1817,0
1818,1
1819,0
1820,0
1821,1
1822,1
1823,1
1824,0
1825,0
1826,1
1827,0
1828,0
1829,0
1830,0
1831,2
1832,2
1833,0
1834,0
1835,0
1836,2
1837,0
1838,0
1839,0
1840,0
1841,0
1842,0
1843,1
1844,0
1845,0
1846,0
1847,0
1848,0
1849,0
1850,0
1851,0
1852,0
1853,0
1854,0
1855,0
1856,0
1857,1
1858,1
1859,0
1860,0
1861,0
1862,0
1863,0
1864,1
1865,0
1866,0
1867,0
1868,1
1869,0
1870,1
1871,0
1872,0
1873,2
1874,0
1875,0
1876,1
1877,0
1878,0
1879,0
1880,0
1881,0
1882,1
1883,0
1884,0
1885,0
1886,0
1887,0
1888,0
1889,0
1890,0
1891,0
1892,1
1893,2
1894,0
1895,0
1896,1
1897,0
1898,1
1899,0
1900,0
1901,0
1902,0
1903,0
1904,1
1905,1
1906,0
1907,0
1908,2
1909,0
1910,1
1911,0
1912,0
1913,1
1914,0
1915,0
1916,0
1917,2
1918,0
1919,1
1920,0
1921,1
1922,2
1923,1
1924,2
1925,1
1926,0
1927,0
1928,2
1929,0
1930,0
1931,0
1932,0
1933,0
1934,0
1935,0
1936,0
1937,1
1938,1
1939,0
1940,0
1941,0
1942,0
1943,1
1944,0
1945,0
1946,0
1947,0
1948,2
1949,0
1950,1
1951,0
1952,1
1953,2
1954,0
1955,0
1956,1
1957,1
1958,1
1959,2
1960,1
1961,1
1962,1
1963,1
1964,0
1965,0
1966,0
1967,0
1968,1
1969,2
1970,1
1971,0
1972,0
1973,0
1974,0
1975,0
1976,0
1977,0
1978,0
1979,0
1980,0
1981,0
1982,0
1983,0
1984,0
1985,0
1986,0
1987,1
1988,0
1989,1
1990,0
1991,0
1992,0
1993,0
1994,0
1995,0
1996,0
1997,2
1998,1
1999,0
2000,0
2001,1
2002,0
2003,0
2004,0
2005,2
2006,0
2007,0
2008,1
2009,0
2010,2
2011,0
2012,0
2013,0
2014,0
2015,1
2016,0
2017,0
2018,0
2019,0
2020,0
2021,0
2022,0
2023,0
2024,0
2025,0
2026,1
2027,0
2028,1
2029,0
2030,0
2031,0
2032,1
2033,1
2034,2
2035,1
2036,0
2037,1
2038,0
2039,1
2040,1
2041,0
2042,0
2043,1
2044,1
2045,0
2046,0
2047,0
2048,1
2049,1
2050,0
2051,0
2052,0
2053,0
2054,2
2055,0
2056,0
2057,1
2058,0
2059,2
2060,0
2061,2
2062,0
2063,0
2064,0
2065,1
2066,0
2067,1
2068,0
2069,1
2070,0
2071,1
2072,1
2073,0
2074,1
2075,0
2076,0
2077,0
2078,0
2079,0
2080,0
2081,0
2082,0
2083,0
2084,0
2085,0
2086,0
2087,0
2088,0
2089,0
2090,1
2091,0
2092,0
2093,0
2094,0
2095,1
2096,0
2097,0
2098,1
2099,1
2100,0
2101,0
2102,0
2103,0
2104,0
2105,1
2106,0
2107,0
2108,0
2109,0
2110,2
2111,1
2112,0
2113,0
2114,0
2115,0
2116,0
2117,0
2118,2
2119,0
2120,0
2121,0
2122,1
2123,0
2124,2
2125,2
2126,0
2127,2
2128,0
2129,0
2130,0
2131,0
2132,1
2133,0
2134,0
2135,0
2136,1
2137,1
2138,1
2139,0
2140,1
2141,1
2142,0
2143,2
2144,0
2145,0
2146,1
2147,1
2148,0
2149,1
2150,0
2151,0
2152,0
2153,0
2154,1
2155,0
2156,1
2157,0
2158,1
2159,1
2160,1
2161,1
2162,0
2163,2
2164,0
2165,0
2166,1
2167,0
2168,0
2169,1
2170,0
2171,0
2172,0
2173,0
2174,2
2175,0
2176,1
2177,0
2178,1
2179,0
2180,2
2181,1
2182,1
2183,0
2184,0
2185,0
2186,0
2187,1
2188,0
2189,1
2190,0
2191,2
2192,0
2193,0
2194,0
2195,0
2196,1
2197,2
2198,0
2199,0
2200,0
2201,1
2202,0
2203,0
2204,1
2205,0
2206,0
2207,0
2208,0
2209,0
2210,0
2211,0
2212,1
2213,1
2214,1
2215,0
2216,2
2217,0
2218,0
2219,1
2220,0
2221,1
2222,0
2223,0
2224,0
2225,2
2226,0
2227,0
2228,0
2229,1
2230,0
2231,0
2232,1
2233,0
2234,0
2235,0
2236,1
2237,1
2238,0
2239,0
2240,0
2241,0
2242,0
2243,0
2244,0
2245,0
2246,0
2247,2
2248,0
2249,0
2250,0
2251,1
2252,1
2253,2
2254,1
2255,1
2256,1
2257,1
2258,2
2259,1
2260,0
2261,0
2262,0
2263,1
2264,0
2265,1
2266,2
2267,1
2268,0
2269,0
2270,0
2271,2
2272,0
2273,0
2274,0
2275,0
2276,1
2277,0
2278,0
2279,1
2280,0
2281,0
2282,0
2283,0
2284,1
2285,0
2286,0
2287,0
2288,1
2289,2
2290,0
2291,0
2292,1
2293,0
2294,0
2295,1
2296,0
2297,0
2298,1
2299,0
2300,1
2301,0
2302,0
2303,0
2304,0
2305,1
2306,0
2307,1
2308,1
2309,0
2310,1
2311,0
2312,1
2313,1
2314,0
2315,0
2316,1
2317,0
2318,0
2319,1
2320,0
2321,1
2322,0
2323,0
2324,1
2325,0
2326,0
2327,0
2328,1
2329,0
2330,2
2331,0
2332,0
2333,1
2334,1
2335,0
2336,0
2337,0
2338,1
2339,0
2340,0
2341,0
2342,1
2343,0
2344,0
2345,1
2346,0
2347,0
2348,0
2349,0
2350,1
2351,0
2352,1
2353,0
2354,1
2355,1
2356,1
2357,1
2358,0
2359,0
2360,0
2361,0
2362,0
2363,1
2364,0
2365,1
2366,1
2367,1
2368,0
2369,0
2370,1
2371,1
2372,0
2373,2
2374,1
2375,0
2376,0
2377,0
2378,0
2379,0
2380,1
2381,0
2382,1
2383,0
2384,1
2385,1
2386,0
2387,0
2388,0
2389,0
2390,2
2391,1
2392,2
2393,0
2394,0
2395,1
2396,1
2397,0
2398,0
2399,1
2400,0
2401,0
2402,0
2403,0
2404,0
2405,1
2406,2
2407,1
2408,1
2409,0
2410,1
2411,0
2412,1
2413,0
2414,2
2415,0
2416,0
2417,1
2418,0
2419,0
2420,0
2421,1
2422,1
2423,0
2424,1
2425,2
2426,2
2427,0
2428,0
2429,0
2430,1
2431,0
2432,0
2433,0
2434,0
2435,0
2436,0
2437,0
2438,0
2439,0
2440,1
2441,0
2442,2
2443,2
2444,0
2445,0
2446,0
2447,0
2448,2
2449,1
2450,0
2451,0
2452,0
2453,0
2454,0
2455,0
2456,2
2457,0
2458,0
2459,1
2460,0
2461,0
2462,0
2463,1
2464,0
2465,0
2466,0
2467,0
2468,0
2469,0
2470,2
2471,0
2472,0
2473,0
2474,1
2475,0
2476,0
2477,0
2478,1
2479,1
2480,0
2481,1
2482,0
2483,0
2484,0
2485,0
2486,0
2487,1
2488,1
2489,0
2490,0
2491,1
2492,0
2493,0
2494,1
2495,0
2496,1
2497,0
2498,0
2499,0
2500,0
2501,0
2502,2
2503,0
2504,0
2505,1
2506,2
2507,1
2508,0
2509,0
2510,2
2511,0
2512,0
2513,0
2514,0
2515,1
2516,1
2517,0
2518,1
2519,1
2520,0
2521,0
2522,0
2523,1
2524,1
2525,0
2526,0
2527,0
2528,1
2529,0
2530,1
2531,1
2532,1
2533,1
2534,2
2535,0
2536,0
2537,0
2538,2
2539,1
2540,2
2541,1
2542,1
2543,0
2544,2
2545,1
2546,1
2547,1
2548,0
2549,0
2550,0
2551,1
2552,0
2553,0
2554,0
2555,2
2556,1
2557,0
2558,0
2559,1
2560,0
2561,0
2562,0
2563,1
2564,0
2565,0
2566,0
2567,0
2568,0
2569,1
2570,0
2571,0
2572,0
2573,0
2574,0
2575,0
2576,0
2577,0
2578,2
2579,1
2580,0
2581,1
2582,0
2583,1
2584,0
2585,0
2586,0
2587,0
2588,0
2589,0
2590,0
2591,0
2592,0
2593,0
2594,0
2595,0
2596,1
2597,0
2598,0
2599,0
2600,0
2601,0
2602,0
2603,0
2604,0
2605,0
2606,2
2607,1
2608,1
2609,0
2610,2
2611,1
2612,0
2613,0
2614,0
2615,0
2616,1
2617,1
2618,0
2619,0
2620,0
2621,1
2622,0
2623,1
2624,0
2625,0
2626,0
2627,1
2628,0
2629,1
2630,1
2631,0
2632,1
2633,0
2634,0
2635,0
2636,1
2637,0
2638,1
2639,0
2640,0
2641,2
2642,0
2643,0
2644,0
2645,2
2646,1
2647,0
2648,0
2649,0
2650,0
2651,0
2652,0
2653,1
2654,0
2655,0
2656,1
2657,0
2658,0
2659,0
2660,0
2661,0
2662,1
2663,0
2664,0
2665,0
2666,1
2667,1
2668,2
2669,0
2670,1
2671,0
2672,0
2673,0
2674,0
2675,0
2676,1
2677,0
2678,1
2679,0
2680,1
2681,0
2682,0
2683,1
2684,0
2685,0
2686,0
2687,0
2688,0
2689,0
2690,0
2691,1
2692,0
2693,0
2694,0
2695,0
2696,1
2697,1
2698,1
2699,0
2700,0
2701,0
2702,0
2703,0
2704,0
2705,1
2706,2
2707,0
2708,1
2709,0
2710,1
2711,1
2712,2
2713,0
2714,2
2715,1
2716,0
2717,1
2718,0
2719,0
2720,0
2721,0
2722,1
2723,1
2724,0
2725,0
2726,0
2727,1
2728,0
2729,0
2730,0
2731,0
2732,2
2733,1
2734,0
2735,0
2736,0
2737,1
2738,1
2739,0
2740,0
2741,0
2742,0
2743,0
2744,1
2745,0
2746,1
2747,0
2748,0
2749,1
2750,1
2751,0
2752,1
2753,0
2754,0
2755,0
2756,0
2757,0
2758,0
2759,2
2760,0
2761,0
2762,1
2763,0
2764,0
2765,0
2766,0
2767,0
2768,0
2769,0
2770,0
2771,0
2772,0
2773,0
2774,1
2775,0
2776,0
2777,0
2778,0
2779,0
2780,0
2781,1
2782,0
2783,0
2784,0
2785,0
2786,0
2787,2
2788,0
2789,2
2790,0
2791,0
2792,0
2793,0
2794,2
2795,0
2796,1
2797,0
2798,0
2799,1
2800,1
2801,0
2802,0
2803,1
2804,0
2805,0
2806,1
2807,0
2808,0
2809,1
2810,0
2811,0
2812,0
2813,0
2814,0
2815,0
2816,0
2817,0
2818,0
2819,1
2820,0
2821,0
2822,0
2823,2
2824,1
2825,0
2826,0
2827,0
2828,0
2829,0
2830,0
2831,0
2832,0
2833,0
2834,0
2835,0
2836,2
2837,0
2838,0
2839,0
2840,0
2841,0
2842,1
2843,0
2844,0
2845,1
2846,0
2847,0
2848,0
2849,0
2850,2
2851,0
2852,0
2853,1
2854,0
2855,0
2856,0
2857,1
2858,0
2859,0
2860,0
2861,2
2862,1
2863,1
2864,1
2865,0
2866,0
2867,0
2868,0
2869,0
2870,1
2871,0
2872,1
2873,1
2874,0
2875,0
2876,0
2877,1
2878,0
2879,0
2880,1
2881,0
2882,0
2883,2
2884,1
2885,0
2886,2
2887,0
2888,0
2889,0
2890,1
2891,0
2892,0
2893,0
2894,0
2895,0
2896,0
2897,2
2898,0
2899,0
2900,0
2901,0
2902,0
2903,0
2904,0
2905,0
2906,1
2907,0
2908,0
2909,0
2910,1
2911,1
2912,1
2913,0
2914,0
2915,0
2916,2
2917,2
2918,0
2919,0
2920,0
2921,0
2922,0
2923,1
2924,1
2925,1
2926,2
2927,0
2928,0
2929,0
2930,0
2931,0
2932,0
2933,1
2934,0
2935,1
2936,1
2937,1
2938,1
2939,0
2940,0
2941,1
2942,0
2943,2
2944,1
2945,2
2946,1
2947,0
2948,0
2949,0
2950,1
2951,0
2952,0
2953,0
2954,0
2955,0
2956,2
2957,0
2958,0
2959,0
2960,0
2961,0
2962,1
2963,0
2964,2
2965,1
2966,0
2967,1
2968,0
2969,0
2970,0
2971,0
2972,1
2973,0
2974,0
2975,0
2976,1
2977,0
2978,0
2979,0
2980,0
2981,0
2982,0
2983,0
2984,0
2985,0
2986,0
2987,1
2988,0
2989,0
2990,2
2991,2
2992,2
2993,1
2994,2
2995,2
2996,1
2997,2
2998,2
2999,2
3000,2
3001,2
3002,2
3003,1
3004,2
3005,2
3006,0
3007,2
3008,1
3009,0
3010,2
3011,2
3012,2
3013,2
3014,2
3015,2
3016,1
3017,2
3018,2
3019,1
3020,1
3021,2
3022,1
3023,2
3024,1
3025,1
3026,0
3027,2
3028,0
3029,1
3030,2
3031,1
3032,2
3033,2
3034,1
3035,1
3036,1
3037,1
3038,1
3039,2
3040,0
3041,2
3042,0
3043,1
3044,2
3045,2
3046,1
3047,1
3048,1
3049,2
3050,2
3051,2
3052,1
3053,2
3054,1
3055,2
3056,1
3057,1
3058,2
3059,1
3060,1
3061,2
3062,2
3063,2
3064,1
3065,2
3066,1
3067,1
3068,2
3069,1
3070,0
3071,1
3072,0
3073,2
3074,1
3075,2
3076,2
3077,1
3078,1
3079,0
3080,0
3081,1
3082,1
3083,2
3084,1
3085,2
3086,1
3087,1
3088,2
3089,2
3090,1
3091,2
3092,1
3093,2
3094,1
3095,1
3096,1
3097,2
3098,2
3099,1
3100,2
3101,2
3102,2
3103,1
3104,2
3105,2
3106,2
3107,2
3108,1
3109,0
3110,2
3111,2
3112,1
3113,2
3114,2
3115,2
3116,2
3117,2
3118,1
3119,0
3120,2
3121,1
3122,2
3123,0
3124,1
3125,0
3126,1
3127,1
3128,0
3129,2
3130,1
3131,2
3132,0
3133,2
3134,2
3135,2
3136,1
3137,2
3138,0
3139,1
3140,1
3141,0
3142,1
3143,1
3144,1
3145,2
3146,0
3147,2
3148,2
3149,2
3150,2
3151,2
3152,2
3153,2
3154,2
3155,2
3156,1
3157,2
3158,2
3159,2
3160,1
3161,2
3162,2
3163,2
3164,2
3165,1
3166,2
3167,2
3168,1
3169,2
3170,2
3171,2
3172,2
3173,2
3174,2
3175,2
3176,2
3177,2
3178,0
3179,0
3180,0
3181,2
3182,2
3183,2
3184,2
3185,2
3186,2
3187,2
3188,2
3189,0
3190,2
3191,0
3192,2
3193,2
3194,2
3195,2
3196,2
3197,0
3198,2
3199,0
3200,0
3201,2
3202,2
3203,2
3204,2
3205,2
3206,1
3207,2
3208,2
3209,2
3210,0
3211,2
3212,2
3213,2
3214,2
3215,0
3216,2
3217,2
3218,2
3219,2
3220,0
3221,2
3222,2
3223,2
3224,1
3225,0
3226,2
3227,2
3228,2
3229,2
3230,2
3231,1
3232,0
3233,2
3234,0
3235,2
3236,1
3237,2
3238,2
3239,2
3240,1
3241,2
3242,0
3243,2
3244,2
3245,2
3246,2
3247,2
3248,2
3249,0
3250,1
3251,2
3252,2
3253,1
3254,0
3255,1
3256,2
3257,2
3258,2
3259,0
3260,0
3261,0
3262,2
3263,0
3264,2
3265,2
3266,0
3267,2
3268,1
3269,2
3270,2
3271,2
3272,2
3273,2
3274,0
3275,2
3276,2
3277,0
3278,0
3279,2
3280,2
3281,2
3282,2
3283,1
3284,0
3285,2
3286,2
3287,2
3288,0
3289,2
3290,0
3291,2
3292,2
3293,2
3294,1
3295,2
3296,2
3297,2
3298,2
3299,1
3300,2
3301,2
3302,1
3303,2
3304,2
3305,2
3306,1
3307,2
3308,2
3309,2
3310,2
3311,2
3312,0
3313,1
3314,2
3315,2
3316,0
3317,2
3318,2
3319,2
3320,2
3321,2
3322,2
3323,1
3324,2
3325,2
3326,2
3327,2
3328,2
3329,1
3330,2
3331,2
3332,2
3333,2
3334,2
3335,2
3336,2
3337,2
3338,2
3339,2
3340,0
3341,2
3342,1
3343,0
3344,2
3345,2
3346,1
3347,0
3348,0
3349,0
3350,2
3351,1
3352,2
3353,2
3354,2
3355,0
3356,1
3357,1
3358,2
3359,2
3360,2
3361,2
3362,2
3363,1
3364,1
3365,2
3366,1
3367,1
3368,2
3369,2
3370,2
3371,2
3372,0
3373,2
3374,1
3375,2
3376,2
3377,0
3378,2
3379,0
3380,0
3381,2
3382,2
3383,0
3384,1
3385,2
3386,2
3387,1
3388,2
3389,2
3390,2
3391,2
3392,2
3393,0
3394,2
3395,0
3396,2
3397,0
3398,2
3399,2
3400,2
3401,1
3402,2
3403,1
3404,2
3405,2
3406,0
3407,2
3408,2
3409,0
3410,2
3411,2
3412,0
3413,2
3414,2
3415,2
3416,2
3417,2
3418,1
3419,2
3420,2
3421,2
3422,2
3423,1
3424,2
3425,2
3426,2
3427,2
3428,0
3429,1
3430,2
3431,2
3432,2
3433,2
3434,1
3435,2
3436,2
3437,2
3438,2
3439,0
3440,0
3441,2
3442,1
3443,2
3444,0
3445,2
3446,1
3447,1
3448,2
3449,2
3450,1
3451,1
3452,1
3453,2
3454,2
3455,1
3456,2
3457,2
3458,2
3459,1
3460,0
3461,2
3462,2
3463,2
3464,2
3465,2
3466,0
3467,0
3468,0
3469,2
3470,2
3471,2
3472,2
3473,0
3474,2
3475,2
3476,0
3477,0
3478,2
3479,2
3480,2
3481,1
3482,2
3483,2
3484,2
3485,2
3486,2
3487,0
3488,2
3489,2
3490,2
3491,2
3492,2
3493,0
3494,0
3495,2
3496,2
3497,2
3498,0
3499,0
3500,2
3501,2
3502,0
3503,1
3504,0
3505,1
3506,2
3507,2
3508,2
3509,2
3510,2
3511,2
3512,1
3513,2
3514,1
3515,1
3516,1
3517,1
3518,2
3519,2
3520,0
3521,1
3522,2
3523,2
3524,2
3525,2
3526,2
3527,2
3528,2
3529,1
3530,1
3531,0
3532,2
3533,0
3534,2
3535,2
3536,2
3537,2
3538,2
3539,1
3540,2
3541,0
3542,1
3543,1
3544,1
3545,0
3546,2
3547,2
3548,2
3549,0
3550,2
3551,0
3552,2
3553,2
3554,2
3555,2
3556,2
3557,2
3558,2
3559,2
3560,2
3561,2
3562,2
3563,2
3564,2
3565,2
3566,2
3567,2
3568,0
3569,0
3570,2
3571,0
3572,2
3573,2
3574,2
3575,2
3576,2
3577,1
3578,2
3579,1
3580,2
3581,2
3582,2
3583,0
3584,2
3585,2
3586,1
3587,2
3588,2
3589,0
3590,2
3591,0
3592,2
3593,2
3594,0
3595,1
3596,2
3597,0
3598,2
3599,0
3600,2
3601,2
3602,2
3603,2
3604,2
3605,2
3606,2
3607,2
3608,2
3609,2
3610,2
3611,2
3612,2
3613,2
3614,2
3615,2
3616,2
3617,1
3618,2
3619,2
3620,0
3621,2
3622,1
3623,2
3624,2
3625,2
3626,2
3627,2
3628,2
3629,2
3630,2
3631,0
3632,1
3633,0
3634,2
3635,2
3636,2
3637,1
3638,2
3639,2
3640,0
3641,2
3642,2
3643,2
3644,1
3645,2
3646,2
3647,2
3648,1
3649,2
3650,0
3651,2
3652,1
3653,2
3654,0
3655,2
3656,2
3657,2
3658,2
3659,0
3660,2
3661,2
3662,2
3663,2
3664,2
3665,2
3666,0
3667,0
3668,2
3669,2
3670,1
3671,2
3672,0
3673,0
3674,2
3675,0
3676,2
3677,2
3678,1
3679,2
3680,1
3681,2
3682,2
3683,2
3684,2
3685,1
3686,1
3687,2
3688,2
3689,1
3690,2
3691,2
3692,0
3693,2
3694,2
3695,2
3696,1
3697,2
3698,2
3699,2
3700,2
3701,2
3702,2
3703,0
3704,1
3705,2
3706,2
3707,0
3708,0
3709,2
3710,2
3711,2
3712,2
3713,1
3714,2
3715,0
3716,2
3717,0
3718,2
3719,2
3720,1
3721,2
3722,1
3723,2
3724,2
3725,0
3726,2
3727,2
3728,1
3729,2
3730,2
3731,0
3732,0
3733,0
3734,0
3735,2
3736,2
3737,1
3738,2
3739,0
3740,1
3741,2
3742,1
3743,2
3744,2
3745,2
3746,2
3747,1
3748,2
3749,1
3750,2
3751,2
3752,2
3753,2
3754,0
3755,2
3756,2
3757,1
3758,0
3759,0
3760,2
3761,0
3762,2
3763,2
3764,2
3765,2
3766,2
3767,2
3768,0
3769,2
3770,0
3771,2
3772,2
3773,2
3774,1
3775,2
3776,0
3777,1
3778,0
3779,2
3780,0
3781,2
3782,2
3783,2
3784,2
3785,1
3786,2
3787,2
3788,2
3789,2
3790,0
3791,1
3792,2
3793,2
3794,2
3795,2
3796,2
3797,1
3798,2
3799,2
3800,0
3801,2
3802,1
3803,2
3804,1
3805,0
3806,2
3807,2
3808,2
3809,2
3810,2
3811,2
3812,2
3813,2
3814,0
3815,1
3816,0
3817,0
3818,2
3819,2
3820,0
3821,2
3822,2
3823,0
3824,2
3825,0
3826,2
3827,2
3828,0
3829,2
3830,2
3831,2
3832,0
3833,2
3834,2
3835,2
3836,0
3837,2
3838,0
3839,1
3840,0
3841,2
3842,2
3843,2
3844,2
3845,2
3846,2
3847,0
3848,2
3849,2
3850,0
3851,2
3852,0
3853,1
3854,2
3855,1
3856,0
3857,2
3858,2
3859,2
3860,0
3861,1
3862,2
3863,0
3864,2
3865,0
3866,2
3867,2
3868,2
3869,2
3870,2
3871,2
3872,2
3873,2
3874,2
3875,0
3876,2
3877,0
3878,2
3879,0
3880,0
3881,0
3882,2
3883,0
3884,2
3885,2
3886,2
3887,2
3888,2
3889,2
3890,1
3891,2
3892,2
3893,1
3894,1
3895,1
3896,0
3897,2
3898,2
3899,2
3900,2
3901,1
3902,2
3903,2
3904,0
3905,2
3906,2
3907,0
3908,2
3909,2
3910,2
3911,2
3912,1
3913,2
3914,1
3915,2
3916,2
3917,0
3918,1
3919,1
3920,2
3921,2
3922,2
3923,0
3924,2
3925,1
3926,2
3927,2
3928,2
3929,2
3930,2
3931,1
3932,1
3933,0
3934,2
3935,1
3936,2
3937,2
3938,2
3939,2
3940,2
3941,2
3942,2
3943,0
3944,0
3945,1
3946,2
3947,2
3948,2
3949,2
3950,2
3951,0
3952,2
3953,2
3954,2
3955,2
3956,2
3957,2
3958,2
3959,2
3960,2
3961,2
3962,1
3963,2
3964,2
3965,2
3966,2
3967,2
3968,2
3969,0
3970,2
3971,2
3972,2
3973,2
3974,2
3975,2
3976,1
3977,1
3978,2
3979,0
3980,2
3981,1
3982,1
3983,2
3984,1
3985,2
3986,2
3987,0
3988,2
3989,2
3990,2
3991,2
3992,1
3993,2
3994,1
3995,2
3996,0
3997,1
3998,2
3999,2
4000,2
4001,2
4002,2
4003,2
4004,0
4005,2
4006,2
4007,2
4008,0
4009,2
4010,0
4011,2
4012,2
4013,2
4014,2
4015,0
4016,0
4017,2
4018,2
4019,0
4020,1
4021,2
4022,2
4023,0
4024,0
4025,0
4026,0
4027,0
4028,1
4029,2
4030,2
4031,1
4032,0
4033,2
4034,2
4035,2
4036,2
4037,2
4038,2
4039,2
4040,2
4041,1
4042,2
4043,2
4044,0
4045,2
4046,2
4047,1
4048,2
4049,1
4050,2
4051,0
4052,2
4053,2
4054,0
4055,2
4056,0
4057,0
4058,2
4059,2
4060,2
4061,2
4062,1
4063,2
4064,2
4065,2
4066,0
4067,1
4068,2
4069,0
4070,0
4071,0
4072,2
4073,0
4074,2
4075,2
4076,2
4077,0
4078,1
4079,0
4080,2
4081,2
4082,2
4083,2
4084,2
4085,1
4086,2
4087,0
4088,2
4089,2
4090,2
4091,0
4092,0
4093,0
4094,2
4095,2
4096,2
4097,0
4098,2
4099,2
4100,2
4101,0
4102,2
4103,0
4104,2
4105,2
4106,0
4107,0
4108,2
4109,2
4110,2
4111,0
4112,1
4113,2
4114,2
4115,2
4116,2
4117,0
4118,1
4119,2
4120,2
4121,0
4122,2
4123,2
4124,2
4125,1
4126,2
4127,2
4128,0
4129,2
4130,2
4131,0
4132,2
4133,2
4134,2
4135,1
4136,0
4137,2
4138,2
4139,0
4140,2
4141,2
4142,1
4143,2
4144,2
4145,2
4146,2
4147,0
4148,1
4149,1
4150,0
4151,0
4152,2
4153,0
4154,2
4155,2
4156,0
4157,2
4158,0
4159,2
4160,0
4161,2
4162,2
4163,1
4164,2
4165,0
4166,2
4167,0
4168,2
4169,1
4170,2
4171,2
4172,2
4173,2
4174,1
4175,0
4176,2
4177,2
4178,2
4179,2
4180,2
4181,2
4182,0
4183,2
4184,2
4185,2
4186,1
4187,2
4188,0
4189,2
4190,1
4191,2
4192,1
4193,0
4194,2
4195,0
4196,2
4197,2
4198,2
4199,2
4200,2
4201,2
4202,0
4203,2
4204,0
4205,2
4206,1
4207,2
4208,0
4209,2
4210,2
4211,2
4212,2
4213,1
4214,2
4215,2
4216,2
4217,1
4218,2
4219,2
4220,2
4221,1
4222,2
4223,1
4224,1
4225,1
4226,2
4227,2
4228,0
4229,1
4230,2
4231,2
4232,0
4233,2
4234,2
4235,1
4236,2
4237,0
4238,2
4239,2
4240,2
4241,2
4242,2
4243,2
4244,1
4245,2
4246,2
4247,1
4248,2
4249,2
4250,0
4251,0
4252,2
4253,0
4254,2
4255,1
4256,2
4257,2
4258,2
4259,2
4260,1
4261,0
4262,2
4263,1
4264,0
4265,2
4266,2
4267,2
4268,2
4269,2
4270,2
4271,0
4272,1
4273,2
4274,2
4275,2
4276,2
4277,2
4278,0
4279,2
4280,1
4281,2
4282,1
4283,1
4284,2
4285,0
4286,2
4287,2
4288,2
4289,2
4290,2
4291,2
4292,0
4293,1
4294,2
4295,2
4296,2
4297,1
4298,2
4299,2
4300,2
4301,1
4302,2
4303,1
4304,2
4305,2
4306,2
4307,2
4308,2
4309,2
4310,1
4311,2
4312,2
4313,2
4314,2
4315,0
4316,0
4317,2
4318,2
4319,2
4320,2
4321,2
4322,2
4323,2
4324,2
4325,1
4326,2
4327,2
4328,2
4329,2
4330,2
4331,2
4332,1
4333,2
4334,2
4335,1
4336,2
4337,1
4338,2
4339,2
4340,2
4341,2
4342,2
4343,0
4344,2
4345,2
4346,2
4347,2
4348,2
4349,2
4350,2
4351,2
4352,2
4353,0
4354,2
4355,2
4356,2
4357,1
4358,2
4359,2
4360,0
4361,0
4362,0
4363,2
4364,2
4365,2
4366,2
4367,2
4368,2
4369,1
4370,2
4371,0
4372,0
4373,2
4374,2
4375,2
4376,2
4377,0
4378,2
4379,2
4380,2
4381,0
4382,2
4383,0
4384,2
4385,2
4386,2
4387,2
4388,2
4389,2
4390,2
4391,2
4392,2
4393,2
4394,2
4395,2
4396,2
4397,1
4398,2
4399,0
4400,0
4401,0
4402,0
4403,2
4404,2
4405,2
4406,2
4407,2
4408,2
4409,2
4410,0
4411,1
4412,1
4413,2
4414,2
4415,2
4416,2
4417,2
4418,1
4419,2
4420,0
4421,2
4422,2
4423,2
4424,1
4425,0
4426,2
4427,2
4428,2
4429,2
4430,2
4431,0
4432,0
4433,2
4434,2
4435,1
4436,1
4437,2
4438,2
4439,2
4440,2
4441,2
4442,2
4443,1
4444,0
4445,2
4446,1
4447,2
4448,2
4449,2
4450,2
4451,2
4452,1
4453,0
4454,2
4455,2
4456,0
4457,1
4458,0
4459,2
4460,2
4461,2
4462,0
4463,2
4464,0
4465,2
4466,2
4467,2
4468,2
4469,2
4470,2
4471,2
4472,1
4473,0
4474,2
4475,2
4476,2
4477,2
4478,2
4479,2
4480,0
4481,1
4482,2
4483,2
4484,2
4485,2
4486,1
4487,2
4488,2
4489,0
4490,2
4491,2
4492,2
4493,2
4494,2
4495,1
4496,2
4497,2
4498,2
4499,1
4500,0
4501,1
4502,0
4503,1
4504,1
4505,0
4506,2
4507,2
4508,2
4509,2
4510,2
4511,1
4512,2
4513,2
4514,2
4515,2
4516,2
4517,2
4518,2
4519,0
4520,2
4521,1
4522,2
4523,2
4524,2
4525,0
4526,2
4527,2
4528,0
4529,2
4530,2
4531,0
4532,2
4533,2
4534,2
4535,2
4536,0
4537,2
4538,2
4539,0
4540,2
4541,1
4542,2
4543,2
4544,2
4545,1
4546,2
4547,2
4548,2
4549,2
4550,2
4551,2
4552,2
4553,1
4554,1
4555,2
4556,1
4557,2
4558,2
4559,2
4560,1
4561,2
4562,0
4563,2
4564,0
4565,2
4566,2
4567,2
4568,0
4569,2
4570,2
4571,2
4572,1
4573,2
4574,2
4575,2
4576,2
4577,2
4578,2
4579,2
4580,0
4581,2
4582,0
4583,2
4584,2
4585,2
4586,2
4587,2
4588,0
4589,1
4590,2
4591,2
4592,2
4593,1
4594,2
4595,2
4596,0
4597,2
4598,2
4599,0
4600,2
4601,2
4602,2
4603,2
4604,2
4605,0
4606,2
4607,2
4608,2
4609,2
4610,2
4611,2
4612,2
4613,2
4614,2
4615,2
4616,2
4617,2
4618,2
4619,2
4620,2
4621,2
4622,2
4623,2
4624,2
4625,2
4626,0
4627,2
4628,2
4629,2
4630,2
4631,2
4632,1
4633,0
4634,1
4635,2
4636,2
4637,2
4638,0
4639,2
4640,0
4641,2
4642,2
4643,2
4644,2
4645,1
4646,2
4647,2
4648,2
4649,1
4650,2
4651,2
4652,2
4653,1
4654,2
4655,0
4656,2
4657,2
4658,1
4659,2
4660,2
4661,2
4662,1
4663,2
4664,2
4665,0
4666,2
4667,2
4668,2
4669,2
4670,1
4671,2
4672,2
4673,1
4674,2
4675,2
4676,2
4677,2
4678,2
4679,2
4680,2
4681,1
4682,2
4683,2
4684,1
4685,0
4686,2
4687,2
4688,2
4689,2
4690,1
4691,0
4692,1
4693,2
4694,0
4695,2
4696,1
4697,0
4698,2
4699,2
4700,1
4701,2
4702,2
4703,2
4704,1
4705,2
4706,2
4707,2
4708,1
4709,1
4710,2
4711,2
4712,1
4713,2
4714,2
4715,1
4716,0
4717,2
4718,2
4719,2
4720,2
4721,2
4722,2
4723,0
4724,2
4725,2
4726,2
4727,2
4728,0
4729,2
4730,2
4731,2
4732,2
4733,2
4734,2
4735,2
4736,2
4737,2
4738,2
4739,2
4740,2
4741,2
4742,0
4743,2
4744,2
4745,2
4746,0
4747,2
4748,1
4749,2
4750,1
4751,2
4752,1
4753,2
4754,1
4755,1
4756,0
4757,1
4758,2
4759,2
4760,0
4761,1
4762,2
4763,1
4764,2
4765,2
4766,0
4767,1
4768,0
4769,1
4770,2
4771,1
4772,0
4773,0
4774,0
4775,1
4776,0
4777,1
4778,2
4779,1
4780,2
4781,1
4782,2
4783,2
4784,2
4785,0
4786,2
4787,2
4788,2
4789,1
4790,1
4791,1
4792,2
4793,2
4794,2
4795,2
4796,1
4797,0
4798,2
4799,2
4800,1
4801,2
4802,2
4803,2
4804,2
4805,2
4806,2
4807,1
4808,2
4809,2
4810,0
4811,2
4812,2
4813,2
4814,1
4815,2
4816,2
4817,2
4818,2
4819,2
4820,2
4821,2
4822,0
4823,1
4824,2
4825,2
4826,2
4827,2
4828,2
4829,2
4830,1
4831,0
4832,1
4833,1
4834,2
4835,2
4836,2
4837,2
4838,2
4839,1
4840,2
4841,0
4842,2
4843,1
4844,1
4845,2
4846,1
4847,1
4848,2
4849,2
4850,2
4851,2
4852,2
4853,2
4854,2
4855,2
4856,2
4857,2
4858,2
4859,0
4860,1
4861,2
4862,2
4863,2
4864,2
4865,1
4866,0
4867,2
4868,2
4869,1
4870,1
4871,1
4872,0
4873,0
4874,2
4875,2
4876,0
4877,1
4878,2
4879,2
4880,2
4881,0
4882,2
4883,2
4884,2
4885,2
4886,2
4887,2
4888,0
4889,2
4890,1
4891,2
4892,1
4893,2
4894,2
4895,1
4896,0
4897,2
4898,2
4899,1
4900,2
4901,2
4902,2
4903,1
4904,2
4905,2
4906,2
4907,2
4908,2
4909,0
4910,0
4911,0
4912,2
4913,2
4914,2
4915,0
4916,2
4917,2
4918,2
4919,1
4920,0
4921,1
4922,2
4923,2
4924,1
4925,2
4926,0
4927,2
4928,2
4929,2
4930,1
4931,2
4932,0
4933,2
4934,2
4935,1
4936,2
4937,1
4938,2
4939,2
4940,1
4941,2
4942,1
4943,2
4944,2
4945,2
4946,2
4947,1
4948,2
4949,2
4950,0
4951,1
4952,0
4953,2
4954,2
4955,2
4956,2
4957,2
4958,2
4959,1
4960,2
4961,2
4962,2
4963,0
4964,2
4965,0
4966,2
4967,0
4968,2
4969,0
4970,2
4971,0
4972,2
4973,2
4974,1
4975,1
4976,2
4977,2
4978,2
4979,1
4980,0
4981,1
4982,2
4983,0
4984,0
4985,2
4986,0
4987,2
4988,1
4989,2
4990,2
4991,2
4992,2
4993,0
4994,2
4995,1
4996,1
4997,1
4998,2
4999,0
5000,2
5001,2
5002,2
5003,2
5004,0
5005,2
5006,2
5007,0
5008,2
5009,1
5010,2
5011,2
5012,0
5013,2
5014,2
5015,2
5016,2
5017,1
5018,2
5019,2
5020,2
5021,1
5022,0
5023,2
5024,2
5025,2
5026,2
5027,2
5028,2
5029,1
5030,2
5031,0
5032,2
5033,2
5034,2
5035,2
5036,2
5037,2
5038,2
5039,2
5040,0
5041,1
5042,2
5043,2
5044,2
5045,0
5046,2
5047,2
5048,2
5049,2
5050,2
5051,1
5052,2
5053,2
5054,2
5055,2
5056,2
5057,0
5058,1
5059,2
5060,2
5061,0
5062,1
5063,2
5064,2
5065,0
5066,2
5067,2
5068,0
5069,0
5070,1
5071,2
5072,2
5073,2
5074,0
5075,0
5076,0
5077,2
5078,2
5079,1
5080,1
5081,0
5082,2
5083,2
5084,0
5085,2
5086,0
5087,0
5088,0
5089,2
5090,0
5091,2
5092,2
5093,0
5094,1
5095,2
5096,2
5097,2
5098,1
5099,1
5100,0
5101,1
5102,0
5103,0
5104,1
5105,0
5106,0
5107,2
5108,2
5109,2
5110,2
5111,2
5112,0
5113,1
5114,2
5115,2
5116,2
5117,2
5118,2
5119,2
5120,2
5121,1
5122,0
5123,0
5124,2
5125,0
5126,0
5127,2
5128,0
5129,2
5130,2
5131,0
5132,2
5133,2
5134,2
5135,2
5136,2
5137,2
5138,2
5139,2
5140,1
5141,2
5142,2
5143,2
5144,0
5145,0
5146,2
5147,0
5148,2
5149,2
5150,2
5151,2
5152,2
5153,1
5154,2
5155,2
5156,2
5157,2
5158,2
5159,2
5160,0
5161,0
5162,2
5163,0
5164,2
5165,1
5166,2
5167,2
5168,2
5169,2
5170,2
5171,2
5172,2
5173,2
5174,0
5175,2
5176,2
5177,0
5178,2
5179,1
5180,2
5181,2
5182,2
5183,2
5184,0
5185,0
5186,0
5187,1
5188,2
5189,2
5190,2
5191,2
5192,2
5193,2
5194,0
5195,2
5196,2
5197,1
5198,2
5199,0
5200,2
5201,0
5202,2
5203,2
5204,2
5205,2
5206,2
5207,1
5208,1
5209,2
5210,0
5211,2
5212,2
5213,1
5214,2
5215,2
5216,2
5217,2
5218,2
5219,0
5220,0
5221,0
5222,2
5223,2
5224,2
5225,2
5226,2
5227,2
5228,0
5229,2
5230,2
5231,2
5232,0
5233,1
5234,1
5235,2
5236,2
5237,0
5238,2
5239,1
5240,2
5241,2
5242,2
5243,2
5244,0
5245,1
5246,0
5247,2
5248,2
5249,0
5250,0
5251,0
5252,2
5253,2
5254,2
5255,2
5256,0
5257,2
5258,0
5259,0
5260,2
5261,2
5262,2
5263,1
5264,2
5265,2
5266,2
5267,2
5268,2
5269,2
5270,2
5271,2
5272,2
5273,2
5274,1
5275,2
5276,0
5277,1
5278,2
5279,0
5280,2
5281,2
5282,2
5283,2
5284,2
5285,0
5286,2
5287,2
5288,0
5289,2
5290,1
5291,0
5292,1
5293,2
5294,2
5295,1
5296,2
5297,2
5298,2
5299,2
5300,2
5301,2
5302,2
5303,2
5304,1
5305,2
5306,0
5307,2
5308,0
5309,2
5310,2
5311,2
5312,1
5313,2
5314,2
5315,2
5316,2
5317,2
5318,2
5319,2
5320,2
5321,2
5322,0
5323,2
5324,1
5325,2
5326,1
5327,2
5328,0
5329,2
5330,2
5331,1
5332,2
5333,2
5334,2
5335,0
5336,2
5337,0
5338,2
5339,1
5340,1
5341,2
5342,1
5343,1
5344,2
5345,1
5346,2
5347,2
5348,1
5349,2
5350,1
5351,0
5352,2
5353,2
5354,2
5355,0
5356,2
5357,2
5358,2
5359,0
5360,1
5361,1
5362,2
5363,2
5364,2
5365,2
5366,0
5367,2
5368,2
5369,1
5370,2
5371,2
5372,0
5373,0
5374,1
5375,0
5376,0
5377,2
5378,1
5379,2
5380,2
5381,0
5382,2
5383,2
5384,2
5385,2
5386,2
5387,1
5388,0
5389,0
5390,1
5391,2
5392,2
5393,2
5394,2
5395,2
5396,2
5397,0
5398,1
5399,2
5400,2
5401,2
5402,2
5403,0
5404,0
5405,2
5406,2
5407,0
5408,2
5409,2
5410,2
5411,0
5412,2
5413,2
5414,1
5415,1
5416,0
5417,2
5418,1
5419,1
5420,2
5421,2
5422,2
5423,2
5424,2
5425,2
5426,0
5427,0
5428,1
5429,2
5430,1
5431,1
5432,2
5433,0
5434,2
5435,0
5436,2
5437,0
5438,2
5439,0
5440,1
5441,1
5442,2
5443,1
5444,2
5445,0
5446,2
5447,2
5448,2
5449,2
5450,1
5451,1
5452,1
5453,1
5454,2
5455,2
5456,0
5457,2
5458,1
5459,2
5460,2
5461,2
5462,0
5463,0
5464,2
5465,2
5466,1
5467,2
5468,2
5469,2
5470,0
5471,2
5472,0
5473,2
5474,2
5475,2
5476,1
5477,2
5478,2
5479,2
5480,2
5481,2
5482,0
5483,2
5484,2
5485,2
5486,2
5487,1
5488,2
5489,1
5490,2
5491,1
5492,0
5493,2
5494,2
5495,1
5496,1
5497,2
5498,2
5499,1
5500,0
5501,2
5502,2
5503,2
5504,2
5505,2
5506,2
5507,0
5508,2
5509,2
5510,2
5511,2
5512,2
5513,2
5514,2
5515,2
5516,0
5517,1
5518,2
5519,0
5520,1
5521,2
5522,2
5523,2
5524,2
5525,2
5526,2
5527,1
5528,1
5529,2
5530,2
5531,2
5532,1
5533,2
5534,2
5535,1
5536,1
5537,0
5538,0
5539,2
5540,2
5541,2
5542,2
5543,0
5544,1
5545,1
5546,1
5547,2
5548,1
5549,1
5550,1
5551,2
5552,2
5553,2
5554,2
5555,2
5556,0
5557,2
5558,1
5559,1
5560,2
5561,2
5562,1
5563,1
5564,2
5565,2
5566,0
5567,2
5568,2
5569,2
5570,2
5571,2
5572,2
5573,2
5574,2
5575,1
5576,2
5577,2
5578,2
5579,0
5580,0
5581,2
5582,2
5583,2
5584,2
5585,1
5586,1
5587,2
5588,0
5589,2
5590,2
5591,0
5592,1
5593,2
5594,2
5595,0
5596,2
5597,2
5598,2
5599,2
5600,2
5601,2
5602,1
5603,1
5604,2
5605,2
5606,0
5607,2
5608,0
5609,2
5610,0
5611,2
5612,2
5613,2
5614,0
5615,2
5616,1
5617,2
5618,2
5619,0
5620,0
5621,1
5622,2
5623,2
5624,2
5625,2
5626,0
5627,2
5628,2
5629,2
5630,2
5631,2
5632,2
5633,2
5634,1
5635,0
5636,2
5637,0
5638,2
5639,2
5640,1
5641,2
5642,2
5643,2
5644,2
5645,2
5646,2
5647,1
5648,0
5649,2
5650,1
5651,2
5652,2
5653,1
5654,2
5655,1
5656,2
5657,1
5658,2
5659,2
5660,2
5661,2
5662,2
5663,2
5664,0
5665,0
5666,2
5667,2
5668,2
5669,0
5670,1
5671,0
5672,2
5673,2
5674,2
5675,2
5676,0
5677,2
5678,1
5679,0
5680,0
5681,2
5682,2
5683,2
5684,2
5685,1
5686,2
5687,2
5688,2
5689,0
5690,2
5691,2
5692,2
5693,0
5694,2
5695,1
5696,2
5697,2
5698,2
5699,2
5700,1
5701,0
5702,2
5703,0
5704,2
5705,1
5706,2
5707,1
5708,0
5709,2
5710,2
5711,2
5712,2
5713,2
5714,2
5715,2
5716,2
5717,1
5718,2
5719,2
5720,0
5721,2
5722,2
5723,2
5724,2
5725,2
5726,2
5727,2
5728,2
5729,2
5730,2
5731,0
5732,2
5733,2
5734,2
5735,2
5736,2
5737,1
5738,0
5739,2
5740,0
5741,1
5742,1
5743,2
5744,2
5745,2
5746,2
5747,2
5748,0
5749,2
5750,1
5751,2
5752,0
5753,1
5754,2
5755,2
5756,2
5757,2
5758,2
5759,2
5760,2
5761,1
5762,2
5763,2
5764,2
5765,0
5766,2
5767,1
5768,2
5769,2
5770,1
5771,2
5772,0
5773,1
5774,2
5775,2
5776,2
5777,1
5778,2
5779,2
5780,2
5781,2
5782,1
5783,0
5784,2
5785,2
5786,0
5787,2
5788,1
5789,2
5790,2
5791,0
5792,0
5793,2
5794,0
5795,0
5796,2
5797,2
5798,2
5799,2
5800,2
5801,0
5802,2
5803,2
5804,0
5805,2
5806,0
5807,2
5808,2
5809,2
5810,1
5811,2
5812,2
5813,0
5814,2
5815,2
5816,2
5817,2
5818,2
5819,1
5820,2
5821,1
5822,2
5823,2
5824,0
5825,2
5826,2
5827,2
5828,2
5829,2
5830,2
5831,1
5832,2
5833,2
5834,1
5835,2
5836,1
5837,1
5838,2
5839,2
5840,1
5841,2
5842,1
5843,2
5844,1
5845,2
5846,2
5847,2
5848,2
5849,2
5850,2
5851,2
5852,0
5853,0
5854,2
5855,2
5856,2
5857,0
5858,2
5859,1
5860,2
5861,1
5862,2
5863,2
5864,2
5865,0
5866,2
5867,2
5868,2
5869,2
5870,2
5871,2
5872,0
5873,2
5874,2
5875,0
5876,2
5877,2
5878,2
5879,0
5880,2
5881,2
5882,2
5883,2
5884,2
5885,2
5886,1
5887,2
5888,2
5889,2
5890,0
5891,2
5892,2
5893,2
5894,2
5895,2
5896,2
5897,2
5898,2
5899,2
5900,1
5901,2
5902,2
5903,2
5904,1
5905,2
5906,2
5907,2
5908,2
5909,1
5910,2
5911,1
5912,2
5913,0
5914,2
5915,1
5916,2
5917,2
5918,2
5919,1
5920,2
5921,2
5922,1
5923,2
5924,1
5925,1
5926,2
5927,2
5928,2
5929,2
5930,2
5931,2
5932,1
5933,2
5934,2
5935,0
5936,2
5937,2
5938,2
5939,2
5940,0
5941,2
5942,0
5943,2
5944,2
5945,0
5946,1
5947,1
5948,0
5949,0
5950,2
5951,2
5952,2
5953,2
5954,2
5955,1
5956,2
5957,2
5958,2
5959,2
5960,2
5961,2
5962,2
5963,2
5964,2
5965,2
5966,0
5967,2
5968,2
5969,1
5970,2
5971,1
5972,2
5973,2
5974,1
5975,1
5976,1
5977,2
5978,0
5979,2
5980,0
5981,1
5982,2
5983,2
5984,2
5985,2
5986,2
5987,2
5988,2
5989,2
5990,1
5991,0
5992,2
5993,2
5994,2
5995,2
5996,0
5997,1
5998,2
5999,2
6000,1
6001,2
6002,0
6003,2
6004,2
6005,1
6006,2
6007,2
6008,0
6009,2
6010,2
6011,2
6012,1
6013,0
6014,1
6015,2
6016,2
6017,2
6018,1
6019,2
6020,0
6021,0
6022,1
6023,2
6024,0
6025,2
6026,1
6027,2
6028,2
6029,2
6030,2
6031,0
6032,1
6033,2
6034,2
6035,0
6036,0
6037,2
6038,2
6039,1
